RN;SAT;Região;Estado;Latitude;Longitude;Alt.Orto. (H);Alt.Geom. (h);Ondulação (N) Conexão *;Ondulação (N) MAPGEO2015 **;Discrepâncias dif.Conexão_X_MAPGEO2015;;;
1190A;91327;CENTRO-OESTE;DISTRITO FEDERAL;-15,9788127;-47,8195672;1059,4979;1046,8670;-12,63;-12,57;-0,06;;;
1190C;91329;CENTRO-OESTE;DISTRITO FEDERAL;-16,0197671;-47,8008205;882,4898;869,7610;-12,73;-12,59;-0,14;;;
2194B;91319;CENTRO-OESTE;DISTRITO FEDERAL;-15,5633432;-47,6591913;1015,9372;1002,8070;-13,13;-12,98;-0,15;;;
2194D;91320;CENTRO-OESTE;DISTRITO FEDERAL;-15,5304971;-47,6254350;1037,8666;1024,7580;-13,11;-13,08;-0,03;;;
2223M;91332;CENTRO-OESTE;DISTRITO FEDERAL;-15,9377468;-47,8075113;1041,0164;1028,7410;-12,28;-12,58;0,30;;;
2223S;91326;CENTRO-OESTE;DISTRITO FEDERAL;-15,9479968;-47,7123234;1012,9521;1000,1670;-12,79;-12,77;-0,02;;;
2223X;91316;CENTRO-OESTE;DISTRITO FEDERAL;-15,9603608;-47,6369519;963,8676;951,0300;-12,84;-12,73;-0,11;;;
2224E;91318;CENTRO-OESTE;DISTRITO FEDERAL;-16,0246319;-47,5457596;1038,4530;1025,6160;-12,84;-12,79;-0,05;;;
2226G;91321;CENTRO-OESTE;DISTRITO FEDERAL;-15,8507793;-47,6240649;1048,3217;1035,4940;-12,83;-12,76;-0,07;;;
2226N;91322;CENTRO-OESTE;DISTRITO FEDERAL;-15,7339082;-47,6616107;923,6838;910,7950;-12,89;-12,79;-0,10;;;
2227C;91323;CENTRO-OESTE;DISTRITO FEDERAL;-16,0374104;-47,4139167;872,0277;859,0580;-12,97;-12,84;-0,13;;;
2227P;91324;CENTRO-OESTE;DISTRITO FEDERAL;-15,7900531;-47,3805571;940,7088;927,5630;-13,15;-12,99;-0,16;;;
2227Z;91325;CENTRO-OESTE;DISTRITO FEDERAL;-15,6289667;-47,3566289;918,8448;905,5790;-13,27;-13,19;-0,08;;;
2263R;91330;CENTRO-OESTE;DISTRITO FEDERAL;-15,6938435;-48,2169550;1076,3926;1064,1090;-12,28;-12,27;-0,01;;;
2264G;91328;CENTRO-OESTE;DISTRITO FEDERAL;-15,5560420;-48,1959684;940,2857;927,4340;-12,85;-12,82;-0,03;;;
2369V;91200;CENTRO-OESTE;DISTRITO FEDERAL;-15,9474753;-47,8778690;1118,4798;1106,0180;-12,46;-12,46;0,00;;;
2378G;91166;CENTRO-OESTE;DISTRITO FEDERAL;-15,9478000;-47,8769802;1113,6086;1101,0800;-12,53;-12,46;-0,07;;;
2378H;91167;CENTRO-OESTE;DISTRITO FEDERAL;-15,9467634;-47,8786248;1108,2206;1095,7010;-12,52;-12,45;-0,07;;;
2378J;91168;CENTRO-OESTE;DISTRITO FEDERAL;-15,9486497;-47,8781856;1115,7642;1103,2360;-12,53;-12,45;-0,08;;;
2378L;91127;CENTRO-OESTE;DISTRITO FEDERAL;-15,9461897;-47,8842643;1102,4729;1090,0050;-12,47;-12,44;-0,03;;;
9305U;91315;CENTRO-OESTE;DISTRITO FEDERAL;-15,7813644;-47,7906928;1072,5604;1059,9040;-12,66;-12,59;-0,07;;;
9501V;96123;CENTRO-OESTE;DISTRITO FEDERAL;-15,9274337;-47,8337306;1168,3814;1155,8740;-12,51;-12,53;0,02;;;
1236J;92840;CENTRO-OESTE;GOIÁS;-18,7697159;-51,3481388;481,3955;474,5470;-6,85;-6,90;0,05;;;
1256H;91309;CENTRO-OESTE;GOIÁS;-15,8515438;-50,0923884;665,7130;657,9690;-7,74;-7,60;-0,14;;;
1256L;92846;CENTRO-OESTE;GOIÁS;-15,8051168;-50,1207568;523,1271;515,3460;-7,78;-7,59;-0,19;;;
1282V;92848;CENTRO-OESTE;GOIÁS;-14,4931662;-50,0644913;416,9840;407,4400;-9,54;-9,65;0,11;;;
1287S;92842;CENTRO-OESTE;GOIÁS;-17,1284195;-51,2242959;851,1188;846,0140;-5,10;-5,02;-0,08;;;
1288T;92841;CENTRO-OESTE;GOIÁS;-17,5745672;-51,0908541;807,1890;801,7340;-5,45;-5,30;-0,15;;;
1357V;92849;CENTRO-OESTE;GOIÁS;-13,2729941;-50,1625731;331,6860;319,1430;-12,54;-12,43;-0,11;;;
2269L;92603;CENTRO-OESTE;GOIÁS;-14,1816190;-48,0762160;495,0596;479,7860;-15,27;-15,20;-0,07;;;
2269M;92602;CENTRO-OESTE;GOIÁS;-14,1609420;-48,0755830;535,3635;520,1180;-15,25;-15,18;-0,07;;;
2326G;92613;CENTRO-OESTE;GOIÁS;-16,6901934;-49,2534493;800,9625;791,1460;-9,82;-9,59;-0,23;;;
3200V;92858;CENTRO-OESTE;GOIÁS;-16,9311748;-48,3707941;957,4880;946,0320;-11,46;-11,34;-0,12;;;
3254X;92604;CENTRO-OESTE;GOIÁS;-13,7312729;-48,1401703;333,3172;318,6920;-14,63;-14,46;-0,17;;;
3254Z;92622;CENTRO-OESTE;GOIÁS;-13,8860227;-48,1507703;702,4330;687,8190;-14,61;-14,52;-0,09;;;
3261L;92713;CENTRO-OESTE;GOIÁS;-18,3884081;-49,0687673;523,3435;511,9290;-11,41;-11,22;-0,19;;;
651J;92839;CENTRO-OESTE;GOIÁS;-18,2165898;-49,7374279;630,4158;621,7970;-8,62;-8,60;-0,02;;;
663Z;92620;CENTRO-OESTE;GOIÁS;-14,5271080;-49,1053160;527,6151;515,3620;-12,25;-12,22;-0,03;;;
674V;92861;CENTRO-OESTE;GOIÁS;-13,4352651;-49,1445341;397,0640;384,9150;-12,15;-12,02;-0,13;;;
700H;92844;CENTRO-OESTE;GOIÁS;-15,8644467;-50,8691884;322,2599;315,9150;-6,34;-6,15;-0,19;;;
701Z;92845;CENTRO-OESTE;GOIÁS;-15,9338721;-50,1400324;490,3529;482,8440;-7,51;-7,32;-0,19;;;
708E;92838;CENTRO-OESTE;GOIÁS;-17,1499275;-50,0174560;597,3262;589,2370;-8,09;-7,85;-0,24;;;
717Z;92843;CENTRO-OESTE;GOIÁS;-17,3572168;-52,6794130;858,4669;855,0030;-3,46;-3,28;-0,18;;;
1045V;92817;CENTRO-OESTE;MATO GROSSO;-15,6589788;-57,2704588;205,4987;210,8090;5,31;5,35;-0,04;;;
1202K;92722;CENTRO-OESTE;MATO GROSSO;-17,0971800;-54,7608170;475,4488;477,4430;1,99;1,67;0,32;;;
1215Z;90404;CENTRO-OESTE;MATO GROSSO;-10,1852020;-54,9458590;292,5947;283,0220;-9,57;-9,99;0,42;;;
1220P;90295;CENTRO-OESTE;MATO GROSSO;-12,6728393;-55,7943447;322,0270;319,1930;-2,83;-2,62;-0,21;;;
1225B;92803;CENTRO-OESTE;MATO GROSSO;-15,4825401;-52,2031307;319,3291;314,1480;-5,18;-5,08;-0,10;;;
1268V;92805;CENTRO-OESTE;MATO GROSSO;-11,7626090;-51,9614580;361,4682;349,2780;-12,19;-11,86;-0,33;;;
1273L;92806;CENTRO-OESTE;MATO GROSSO;-10,5446818;-53,5831038;335,3922;323,3240;-12,07;-11,80;-0,27;;;
1279N;91340;CENTRO-OESTE;MATO GROSSO;-11,5322440;-56,7579640;313,1990;308,8600;-4,34;-4,00;-0,34;;;
2197J;92802;CENTRO-OESTE;MATO GROSSO;-15,7553217;-53,6179384;610,7817;607,3580;-3,42;-3,26;-0,16;;;
2222C;92813;CENTRO-OESTE;MATO GROSSO;-15,3391690;-58,8698260;366,6954;379,3560;12,66;12,49;0,17;;;
2229R;91343;CENTRO-OESTE;MATO GROSSO;-13,6589473;-57,8914344;568,7417;575,6180;6,88;6,78;0,10;;;
2231H;92815;CENTRO-OESTE;MATO GROSSO;-12,9191200;-58,0465100;475,0360;481,3740;6,34;6,33;0,01;;;
2234T;91345;CENTRO-OESTE;MATO GROSSO;-11,5810040;-58,3305610;277,8662;281,7420;3,88;3,71;0,17;;;
2236Z;91346;CENTRO-OESTE;MATO GROSSO;-11,6283400;-59,0777420;369,1529;376,3590;7,21;6,72;0,49;;;
2238E;92814;CENTRO-OESTE;MATO GROSSO;-11,9887650;-59,4279200;394,4884;404,0880;9,60;9,62;-0,02;;;
2250L;92811;CENTRO-OESTE;MATO GROSSO;-15,0780091;-55,9948593;417,9485;418,4660;0,52;0,83;-0,31;;;
3278H;92586;CENTRO-OESTE;MATO GROSSO;-15,5542953;-56,0688301;222,7995;224,8930;2,09;2,22;-0,13;;;
3278J;92587;CENTRO-OESTE;MATO GROSSO;-15,5550094;-56,0706384;226,1120;228,2100;2,10;2,22;-0,12;;;
3278L;92588;CENTRO-OESTE;MATO GROSSO;-15,5559585;-56,0702852;230,5420;232,5630;2,02;2,23;-0,21;;;
3278M;92583;CENTRO-OESTE;MATO GROSSO;-15,5552630;-56,0698666;235,3441;237,4430;2,10;2,22;-0,12;;;
3278N;92584;CENTRO-OESTE;MATO GROSSO;-15,5508491;-56,0558676;250,8910;252,9370;2,05;2,18;-0,13;;;
724T;92818;CENTRO-OESTE;MATO GROSSO;-16,1901133;-54,7846319;293,9486;293,5730;-0,38;-0,23;-0,15;;;
748G;92816;CENTRO-OESTE;MATO GROSSO;-14,4472217;-58,4211914;716,2459;727,1580;10,91;10,88;0,03;;;
751B;91348;CENTRO-OESTE;MATO GROSSO;-14,0771718;-59,4362710;642,4889;656,8750;14,39;14,25;0,14;;;
9517B;91255;CENTRO-OESTE;MATO GROSSO;-13,8465854;-59,5563607;632,0236;645,8080;13,78;13,90;-0,12;;;
1207X;91294;CENTRO-OESTE;MATO GROSSO DO SUL;-19,7916007;-54,3674329;619,2313;619,9510;0,72;0,97;-0,25;;;
1247J;91308;CENTRO-OESTE;MATO GROSSO DO SUL;-21,8398860;-52,6732029;352,6256;348,9490;-3,68;-3,59;-0,09;;;
1249E;91307;CENTRO-OESTE;MATO GROSSO DO SUL;-21,6232648;-53,6517208;403,3889;401,3150;-2,07;-1,88;-0,19;;;
1501B;91288;CENTRO-OESTE;MATO GROSSO DO SUL;-20,0519893;-51,8461119;481,8331;475,3420;-6,49;-6,27;-0,22;;;
1505J;91290;CENTRO-OESTE;MATO GROSSO DO SUL;-19,6160840;-52,5099990;379,1061;373,2520;-5,85;-5,57;-0,28;;;
1507H;91297;CENTRO-OESTE;MATO GROSSO DO SUL;-18,8388303;-53,1363225;716,3644;712,8810;-3,48;-3,43;-0,05;;;
1513J;91292;CENTRO-OESTE;MATO GROSSO DO SUL;-19,7125195;-55,4112171;138,6258;144,2590;5,63;5,68;-0,05;;;
1514C;91293;CENTRO-OESTE;MATO GROSSO DO SUL;-20,0622463;-55,6364253;152,0943;158,5820;6,49;6,59;-0,10;;;
1518J;91301;CENTRO-OESTE;MATO GROSSO DO SUL;-21,6308651;-55,5696690;562,9441;569,7690;6,82;6,82;0,00;;;
1520C;91299;CENTRO-OESTE;MATO GROSSO DO SUL;-21,6929126;-54,7075688;384,4296;386,6370;2,21;2,22;-0,01;;;
1531Z;91306;CENTRO-OESTE;MATO GROSSO DO SUL;-22,3692596;-54,2089737;435,6806;435,7340;0,05;0,31;-0,26;;;
1535L;91302;CENTRO-OESTE;MATO GROSSO DO SUL;-22,4706279;-55,4009530;573,3569;579,9890;6,63;6,59;0,04;;;
1538M;92797;CENTRO-OESTE;MATO GROSSO DO SUL;-22,4558418;-54,8404471;415,8753;419,1180;3,24;3,43;-0,19;;;
1540J;92798;CENTRO-OESTE;MATO GROSSO DO SUL;-23,2214146;-55,2073434;452,6887;457,9820;5,29;5,37;-0,08;;;
1540V;91303;CENTRO-OESTE;MATO GROSSO DO SUL;-23,4575066;-55,1586890;414,0445;419,0450;5,00;5,05;-0,05;;;
1549G;92801;CENTRO-OESTE;MATO GROSSO DO SUL;-23,7575801;-54,3060214;340,5944;343,0060;2,41;2,53;-0,12;;;
1557E;91298;CENTRO-OESTE;MATO GROSSO DO SUL;-20,7296133;-56,6278922;398,0049;409,9970;11,99;11,88;0,11;;;
1561R;92799;CENTRO-OESTE;MATO GROSSO DO SUL;-23,6759591;-55,3945529;343,2917;349,4180;6,13;6,14;-0,01;;;
1563E;92800;CENTRO-OESTE;MATO GROSSO DO SUL;-23,9795908;-55,0403344;418,4996;423,7640;5,26;5,26;0,00;;;
1564T;91304;CENTRO-OESTE;MATO GROSSO DO SUL;-23,5345678;-54,3953520;364,7957;366,8690;2,07;2,19;-0,12;;;
1571H;91305;CENTRO-OESTE;MATO GROSSO DO SUL;-22,6395328;-54,0414466;382,6504;382,2060;-0,44;-0,31;-0,13;;;
2258B;92723;CENTRO-OESTE;MATO GROSSO DO SUL;-18,1792446;-54,6376302;336,3815;337,5810;1,20;1,45;-0,25;;;
2259D;91296;CENTRO-OESTE;MATO GROSSO DO SUL;-17,9828990;-54,2264082;381,0665;380,3340;-0,73;-0,57;-0,16;;;
255X;91289;CENTRO-OESTE;MATO GROSSO DO SUL;-20,5554049;-52,4999399;323,0012;317,6790;-5,32;-5,09;-0,23;;;
258Y;91291;CENTRO-OESTE;MATO GROSSO DO SUL;-20,4291822;-55,3191999;194,6976;199,5930;4,90;4,76;0,14;;;
3287D;92725;CENTRO-OESTE;MATO GROSSO DO SUL;-19,0002814;-57,6296147;142,8603;156,5910;13,73;13,81;-0,08;;;
2483A;96514;NORDESTE;ALAGOAS;-09,7606541;-36,5067529;194,2789;186,6520;-7,63;-7,83;0,20;;;
2515Z;96513;NORDESTE;ALAGOAS;-09,5197849;-36,9875975;190,4478;181,9690;-8,48;-8,54;0,06;;;
2522M;93242;NORDESTE;ALAGOAS;-09,3867758;-37,9913943;233,1572;222,8720;-10,29;-10,30;0,01;;;
2539X;93243;NORDESTE;ALAGOAS;-09,1375759;-37,3153682;396,1662;387,8660;-8,30;-8,44;0,14;;;
1168C;93248;NORDESTE;BAHIA;-15,2419476;-40,3270233;328,3184;318,3580;-9,96;-10,07;0,11;;;
1184N;93077;NORDESTE;BAHIA;-14,2035484;-42,7576680;542,6470;529,6410;-13,01;-12,93;-0,08;;;
1184V;93078;NORDESTE;BAHIA;-14,2158143;-42,8431819;508,0783;495,1240;-12,95;-12,95;0,00;;;
1369E;93264;NORDESTE;BAHIA;-12,7935782;-45,9517289;761,0070;747,1830;-13,82;-13,79;-0,03;;;
2295G;93263;NORDESTE;BAHIA;-13,4124647;-44,7209567;713,4970;701,4340;-12,06;-12,08;0,02;;;
2295R;93080;NORDESTE;BAHIA;-13,3414050;-44,6372649;569,6790;557,3820;-12,30;-12,26;-0,04;;;
2300H;93266;NORDESTE;BAHIA;-12,7091994;-44,5658912;775,8569;762,2970;-13,56;-13,47;-0,09;;;
2302R;93083;NORDESTE;BAHIA;-12,1649782;-45,0086262;444,3081;429,2950;-15,01;-14,91;-0,10;;;
2303H;93265;NORDESTE;BAHIA;-12,4303570;-45,0843850;524,7628;511,2190;-13,54;-14,01;0,47;;;
232O;93289;NORDESTE;BAHIA;-14,1200692;-40,2301735;298,4745;288,9470;-9,53;-9,68;0,15;;;
2361E;93285;NORDESTE;BAHIA;-12,9841400;-44,0492014;531,8772;518,0570;-13,82;-13,78;-0,04;;;
2501Z;93124;NORDESTE;BAHIA;-10,5354930;-38,3840220;430,2478;415,9190;-14,33;-14,13;-0,20;;;
2556A;93135;NORDESTE;BAHIA;-11,5560898;-38,1339310;168,8963;157,0830;-11,81;-11,78;-0,03;;;
2558X;93305;NORDESTE;BAHIA;-11,9589688;-37,9530835;84,4796;73,9530;-10,53;-10,42;-0,11;;;
2560A;93131;NORDESTE;BAHIA;-12,1654130;-38,4757680;220,4495;208,2890;-12,16;-11,98;-0,18;;;
2561L;93125;NORDESTE;BAHIA;-10,7011982;-38,1989951;252,5942;239,7740;-12,82;-12,59;-0,23;;;
2564D;93136;NORDESTE;BAHIA;-11,6261229;-38,3013549;274,2727;261,2860;-12,99;-12,78;-0,21;;;
2567P;93138;NORDESTE;BAHIA;-12,6509431;-38,3387953;53,7121;42,3420;-11,37;-11,24;-0,13;;;
2576S;93130;NORDESTE;BAHIA;-11,6757042;-38,9961985;344,1188;332,0950;-12,02;-12,00;-0,02;;;
2577M;93129;NORDESTE;BAHIA;-12,0739443;-38,9696408;241,3761;229,8450;-11,53;-11,48;-0,05;;;
2605N;93119;NORDESTE;BAHIA;-10,5608273;-38,9900793;395,7270;382,8920;-12,84;-12,72;-0,11;;;
263X;93302;NORDESTE;BAHIA;-15,0982211;-39,9958874;246,7948;236,5100;-10,28;-10,38;0,10;;;
2719N;93092;NORDESTE;BAHIA;-09,4101911;-40,8163392;400,6620;387,0010;-13,66;-13,58;-0,08;;;
2719P;93093;NORDESTE;BAHIA;-09,4294855;-40,8266698;399,0217;385,3390;-13,68;-13,61;-0,07;;;
2719X;93091;NORDESTE;BAHIA;-09,4896271;-40,8081910;381,8828;368,2030;-13,68;-13,57;-0,11;;;
2720V;93089;NORDESTE;BAHIA;-09,4701429;-40,5445100;374,2487;361,0410;-13,21;-13,08;-0,13;;;
2774S;93268;NORDESTE;BAHIA;-10,8714528;-45,1451296;532,6981;516,1990;-16,50;-16,33;-0,17;;;
2776N;93267;NORDESTE;BAHIA;-11,5026770;-44,9571250;505,2625;488,0850;-17,18;-16,96;-0,22;;;
278H;93304;NORDESTE;BAHIA;-12,1346806;-39,3381197;245,2172;234,0740;-11,14;-11,24;0,10;;;
2792B;93253;NORDESTE;BAHIA;-10,6658780;-39,5183271;370,7654;358,6210;-12,14;-12,21;0,07;;;
2796G;93280;NORDESTE;BAHIA;-10,2360891;-40,2039409;674,8515;662,7430;-12,11;-12,10;-0,01;;;
285C;93288;NORDESTE;BAHIA;-13,5949831;-41,3673194;1161,1113;1149,8560;-11,26;-11,40;0,14;;;
289S;93308;NORDESTE;BAHIA;-11,1703175;-40,5412291;467,8062;455,7010;-12,11;-12,05;-0,06;;;
296X;93127;NORDESTE;BAHIA;-10,8926479;-38,5099616;209,7491;194,8770;-14,87;-14,82;-0,05;;;
310N;93281;NORDESTE;BAHIA;-11,0594400;-42,3108740;459,5591;443,6030;-15,96;-15,56;-0,40;;;
314D;93122;NORDESTE;BAHIA;-09,9362676;-38,7482038;321,4322;308,8070;-12,63;-12,43;-0,20;;;
317B;93126;NORDESTE;BAHIA;-10,2007593;-37,8673678;250,9831;240,7340;-10,25;-10,27;0,02;;;
317T;93123;NORDESTE;BAHIA;-10,0851945;-38,2827524;255,9183;243,8670;-12,05;-11,97;-0,08;;;
3266V;93249;NORDESTE;BAHIA;-15,9664204;-39,5265592;179,8408;170,7430;-9,10;-9,20;0,10;;;
3272G;93250;NORDESTE;BAHIA;-17,0264772;-39,5400086;130,6970;121,8690;-8,83;-8,96;0,13;;;
3277H;93251;NORDESTE;BAHIA;-18,0774283;-39,5453923;04,6347;-03,3130;-7,95;-8,09;0,14;;;
342Y;93120;NORDESTE;BAHIA;-09,8507259;-39,1432009;411,8941;400,2500;-11,64;-11,67;0,03;;;
3600J;93134;NORDESTE;BAHIA;-12,9745676;-39,2250972;201,9346;190,7020;-11,23;-11,16;-0,07;;;
3606R;93190;NORDESTE;BAHIA;-12,2169064;-37,8324808;28,4003;18,0960;-10,30;-10,28;-0,02;;;
3608E;93306;NORDESTE;BAHIA;-11,8204500;-37,6353044;20,8153;10,4830;-10,33;-10,23;-0,10;;;
3614A;91312;NORDESTE;BAHIA;-14,2172134;-39,3160122;122,5946;113,8440;-8,75;-8,75;0,00;;;
3616N;93247;NORDESTE;BAHIA;-13,6404560;-39,4874340;271,6855;261,3450;-10,34;-10,23;-0,11;;;
3618C;93097;NORDESTE;BAHIA;-12,8919745;-38,3159761;16,3572;05,7180;-10,64;-10,72;0,08;;;
3618F;93098;NORDESTE;BAHIA;-12,8984334;-38,2972217;02,4353;-08,2160;-10,65;-10,71;0,06;;;
3618G;93099;NORDESTE;BAHIA;-12,9059635;-38,3032208;02,8830;-07,7790;-10,66;-10,73;0,07;;;
3619D;93101;NORDESTE;BAHIA;-12,9603128;-38,3966098;05,8578;-04,8050;-10,66;-10,84;0,18;;;
3619F;93102;NORDESTE;BAHIA;-12,9686387;-38,4106762;15,2062;04,4950;-10,71;-10,84;0,13;;;
3619M;93103;NORDESTE;BAHIA;-12,9910896;-38,4399821;04,3344;-06,4600;-10,79;-10,84;0,05;;;
3619N;93104;NORDESTE;BAHIA;-12,9982313;-38,4461945;05,8223;-05,0430;-10,87;-10,85;-0,02;;;
3620A;93105;NORDESTE;BAHIA;-13,0112491;-38,5079813;03,3538;-07,5520;-10,91;-10,91;0,00;;;
3620C;93036;NORDESTE;BAHIA;-13,0082727;-38,5116853;47,0685;36,1800;-10,89;-10,91;0,02;;;
3620D;93111;NORDESTE;BAHIA;-13,0086699;-38,5123591;46,6470;35,7550;-10,89;-10,91;0,02;;;
3620G;93106;NORDESTE;BAHIA;-13,0108293;-38,5239023;24,7149;13,8590;-10,86;-10,93;0,07;;;
3620S;93107;NORDESTE;BAHIA;-12,9740034;-38,5145694;02,9334;-08,0160;-10,95;-10,93;-0,02;;;
3620V;93109;NORDESTE;BAHIA;-12,9230627;-38,3601638;19,2094;08,7370;-10,47;-10,80;0,33;;;
3621L;93112;NORDESTE;BAHIA;-12,9496288;-38,4321681;61,6741;51,0310;-10,64;-10,78;0,14;;;
3621N;93117;NORDESTE;BAHIA;-12,9549200;-38,4286550;38,5535;27,4040;-11,15;-10,78;-0,37;;;
3622D;93115;NORDESTE;BAHIA;-12,9775918;-38,5025690;43,7586;32,9140;-10,84;-10,90;0,06;;;
3622H;93108;NORDESTE;BAHIA;-12,9206071;-38,3535872;29,6562;18,8570;-10,80;-10,79;-0,01;;;
3623Z;93032;NORDESTE;BAHIA;-13,2983001;-43,7403946;462,2311;448,2800;-13,95;-13,89;-0,06;;;
3627U;93286;NORDESTE;BAHIA;-13,6096438;-42,9410015;627,2051;613,2520;-13,95;-13,99;0,04;;;
3628V;93287;NORDESTE;BAHIA;-13,7686736;-42,7210528;772,5895;759,0350;-13,55;-13,62;0,07;;;
3630V;93194;NORDESTE;BAHIA;-12,9738338;-38,5174020;01,8088;-09,0570;-10,87;-10,94;0,07;;;
3636S;93189;NORDESTE;BAHIA;-12,9462672;-38,4228761;46,6058;35,9470;-10,66;-10,80;0,14;;;
3640A;93195;NORDESTE;BAHIA;-12,9738984;-38,5172499;02,2087;-08,6610;-10,87;-10,94;0,07;;;
3643X;93279;NORDESTE;BAHIA;-10,8375283;-40,1129166;349,7780;337,4790;-12,30;-12,24;-0,06;;;
3645T;93255;NORDESTE;BAHIA;-11,3626337;-40,0135401;404,0854;392,4060;-11,68;-11,70;0,02;;;
3648M;93252;NORDESTE;BAHIA;-11,7967665;-39,4105866;221,8004;210,3990;-11,40;-11,46;0,06;;;
3650S;93188;NORDESTE;BAHIA;-12,2392359;-38,9797852;240,4793;229,0390;-11,44;-11,46;0,02;;;
3654M;93303;NORDESTE;BAHIA;-14,2096737;-42,0894528;648,2169;634,6170;-13,60;-13,53;-0,07;;;
3659D;93272;NORDESTE;BAHIA;-14,5961249;-41,2394554;440,4643;428,5100;-11,95;-11,89;-0,06;;;
3659J;93271;NORDESTE;BAHIA;-14,6014685;-41,1626376;410,4340;398,6200;-11,81;-11,71;-0,10;;;
3659V;93273;NORDESTE;BAHIA;-14,5575637;-41,1555372;437,9968;426,0500;-11,95;-11,85;-0,10;;;
3660G;93274;NORDESTE;BAHIA;-14,4028071;-41,1148744;414,1169;401,8500;-12,27;-12,11;-0,16;;;
3660P;93275;NORDESTE;BAHIA;-14,3028851;-41,1503790;406,0272;393,5300;-12,50;-12,39;-0,11;;;
3660X;93276;NORDESTE;BAHIA;-14,2058803;-41,2073141;341,1736;328,4300;-12,74;-12,54;-0,20;;;
3661H;93277;NORDESTE;BAHIA;-14,0804289;-41,1865339;379,3618;366,8000;-12,56;-12,50;-0,06;;;
3661R;93278;NORDESTE;BAHIA;-13,9901660;-41,1367571;348,6449;336,2100;-12,43;-12,30;-0,13;;;
3662B;93290;NORDESTE;BAHIA;-13,8508161;-41,0643108;372,0640;359,8400;-12,22;-12,08;-0,14;;;
3662R;93291;NORDESTE;BAHIA;-13,7258124;-40,9789985;413,9876;401,9500;-12,04;-11,92;-0,12;;;
3662X;93292;NORDESTE;BAHIA;-13,6805144;-40,9103314;435,1478;423,2700;-11,88;-11,83;-0,05;;;
3663G;93293;NORDESTE;BAHIA;-13,6148186;-40,8008254;384,9818;373,3100;-11,67;-11,63;-0,04;;;
3663U;93294;NORDESTE;BAHIA;-13,5382534;-40,6531872;386,8313;375,7500;-11,08;-11,09;0,01;;;
3664E;93295;NORDESTE;BAHIA;-13,5362179;-40,5541249;703,5800;693,1500;-10,43;-10,61;0,18;;;
3664L;93296;NORDESTE;BAHIA;-13,6125856;-40,4776933;677,0562;666,9800;-10,08;-10,21;0,13;;;
3664S;91313;NORDESTE;BAHIA;-13,6872217;-40,4105834;633,9528;624,0500;-9,90;-10,04;0,14;;;
3664T;93297;NORDESTE;BAHIA;-13,6950820;-40,3925343;636,6230;626,7800;-9,84;-10,00;0,16;;;
3665B;93298;NORDESTE;BAHIA;-13,7480961;-40,2985501;681,8465;672,1600;-9,69;-9,84;0,15;;;
3665J;93299;NORDESTE;BAHIA;-13,8329311;-40,1999269;299,8049;290,1500;-9,65;-9,82;0,17;;;
3665M;93301;NORDESTE;BAHIA;-13,8555832;-40,1819365;210,4961;200,8100;-9,69;-9,81;0,12;;;
3666F;93147;NORDESTE;BAHIA;-13,8779983;-40,0695030;198,9549;189,2600;-9,69;-9,73;0,04;;;
3666J;93300;NORDESTE;BAHIA;-13,8834425;-40,0323849;192,8600;183,2500;-9,61;-9,74;0,13;;;
3666V;93309;NORDESTE;BAHIA;-14,0087032;-39,9074563;188,8663;179,0600;-9,81;-9,91;0,10;;;
3667A;91311;NORDESTE;BAHIA;-14,0083511;-39,8695509;158,2829;148,4100;-9,87;-9,96;0,09;;;
3667E;93310;NORDESTE;BAHIA;-14,0508989;-39,8122570;154,9663;145,1000;-9,87;-9,95;0,08;;;
3667P;93311;NORDESTE;BAHIA;-14,1445066;-39,7147333;139,6342;129,9000;-9,73;-9,83;0,10;;;
3667V;93312;NORDESTE;BAHIA;-14,1958804;-39,6258377;141,3108;131,8400;-9,47;-9,51;0,04;;;
3668E;93146;NORDESTE;BAHIA;-14,2140654;-39,5219478;107,3328;98,1200;-9,21;-9,24;0,03;;;
3671H;99549;NORDESTE;BAHIA;-13,8712770;-40,0991105;199,5117;189,7300;-9,78;-9,70;-0,08;;;
801L;93084;NORDESTE;BAHIA;-09,6123560;-42,0925020;415,4067;399,4100;-16,00;-15,73;-0,27;;;
801N;93086;NORDESTE;BAHIA;-09,5768210;-42,1313250;416,0676;400,1060;-15,96;-15,70;-0,26;;;
889X;93284;NORDESTE;BAHIA;-12,3655276;-42,4567360;492,8948;477,7180;-15,18;-15,12;-0,06;;;
891D;93269;NORDESTE;BAHIA;-11,8656927;-42,6989047;725,7926;710,8620;-14,93;-14,98;0,05;;;
895F;93283;NORDESTE;BAHIA;-12,1717232;-43,1984607;438,2282;422,0940;-16,13;-16,08;-0,05;;;
1614C;92185;NORDESTE;CEARÁ;-04,1209354;-38,2653366;19,6331;11,0390;-8,59;-8,39;-0,20;;;
1614J;92184;NORDESTE;CEARÁ;-04,2050939;-38,2274440;13,7351;05,1880;-8,55;-8,37;-0,18;;;
1654H;92188;NORDESTE;CEARÁ;-03,7069254;-40,3591297;68,3463;53,8950;-14,45;-14,29;-0,16;;;
1674H;92339;NORDESTE;CEARÁ;-06,2276416;-40,6753770;475,3212;462,6880;-12,63;-12,49;-0,14;;;
1691H;92355;NORDESTE;CEARÁ;-04,9708973;-38,0094915;28,6531;20,7740;-7,88;-7,85;-0,03;;;
1850X;92176;NORDESTE;CEARÁ;-03,7746647;-39,2375558;85,2208;74,4350;-10,79;-10,61;-0,18;;;
1851E;92174;NORDESTE;CEARÁ;-03,8285906;-39,2660271;62,6183;51,7370;-10,88;-10,68;-0,20;;;
1869A;92315;NORDESTE;CEARÁ;-06,8741215;-39,5041493;337,6231;327,2310;-10,39;-10,44;0,05;;;
1869L;92319;NORDESTE;CEARÁ;-06,7912907;-39,3056817;308,0590;297,5820;-10,48;-10,45;-0,03;;;
1896F;92352;NORDESTE;CEARÁ;-06,0132435;-38,3312479;182,6367;174,8360;-7,80;-7,82;0,02;;;
2402M;92314;NORDESTE;CEARÁ;-07,3089348;-39,5592178;916,4289;906,7020;-9,73;-9,79;0,06;;;
2622G;92341;NORDESTE;CEARÁ;-05,5810758;-39,3634060;175,0307;164,4490;-10,58;-10,46;-0,12;;;
2629C;92348;NORDESTE;CEARÁ;-07,0845148;-40,3163344;602,6612;592,0620;-10,60;-10,48;-0,12;;;
2661V;92000;NORDESTE;CEARÁ;-03,7457852;-38,5824358;26,7827;17,7260;-9,06;-9,05;-0,01;;;
2721R;92006;NORDESTE;CEARÁ;-03,8778173;-38,4268834;24,8728;16,1300;-8,74;-8,73;-0,01;;;
2728S;92168;NORDESTE;CEARÁ;-03,7694087;-38,4751625;17,2766;08,2870;-8,99;-8,92;-0,07;;;
2728T;92169;NORDESTE;CEARÁ;-03,7682765;-38,4752785;17,3113;08,2000;-9,11;-8,92;-0,19;;;
2728V;92170;NORDESTE;CEARÁ;-03,7664353;-38,4791234;16,5012;07,5170;-8,98;-8,92;-0,06;;;
2742X;92172;NORDESTE;CEARÁ;-03,7474029;-38,4496624;06,9295;-01,9630;-8,89;-8,88;-0,01;;;
2748H;92327;NORDESTE;CEARÁ;-03,6929296;-38,5866901;04,1598;-04,9120;-9,07;-9,06;-0,01;;;
2787R;96554;NORDESTE;CEARÁ;-03,7437880;-38,6193784;18,0657;08,9290;-9,14;-9,10;-0,04;;;
2791D;92300;NORDESTE;CEARÁ;-07,2380187;-39,4156055;446,0553;436,0510;-10,00;-10,04;0,04;;;
2791N;92400;NORDESTE;CEARÁ;-03,7262167;-38,4746122;57,3640;48,4190;-8,95;-8,93;-0,02;;;
4309A;92406;NORDESTE;CEARÁ;-03,7941792;-38,5575733;28,7667;19,7040;-9,06;-9,01;-0,05;;;
4309C;92385;NORDESTE;CEARÁ;-04,3472334;-39,3010616;140,2872;129,9230;-10,36;-10,42;0,06;;;
4309D;92375;NORDESTE;CEARÁ;-04,7945799;-40,0630167;704,4237;692,4130;-12,01;-12,10;0,09;;;
4309E;92387;NORDESTE;CEARÁ;-04,8473891;-39,5764766;308,8251;298,2910;-10,53;-10,70;0,17;;;
4309F;92365;NORDESTE;CEARÁ;-05,5697378;-39,3556547;175,5117;165,0030;-10,51;-10,43;-0,08;;;
4309G;92366;NORDESTE;CEARÁ;-06,0906034;-39,4606656;299,8655;289,0750;-10,79;-10,86;0,07;;;
4309H;92378;NORDESTE;CEARÁ;-06,3498594;-39,2929492;215,9175;205,1000;-10,82;-10,94;0,12;;;
4309J;92369;NORDESTE;CEARÁ;-05,9007457;-38,6309243;122,3601;113,6100;-8,75;-8,82;0,07;;;
4309L;92383;NORDESTE;CEARÁ;-04,9365198;-37,9836991;20,5501;12,7350;-7,82;-7,87;0,05;;;
4309N;92358;NORDESTE;CEARÁ;-07,6917216;-39,0090996;446,1274;436,3960;-9,73;-9,68;-0,05;;;
4309P;92360;NORDESTE;CEARÁ;-07,2448903;-39,3070587;430,6462;420,4600;-10,19;-10,13;-0,06;;;
4309T;92374;NORDESTE;CEARÁ;-05,2117237;-40,7023208;313,4955;299,2210;-14,27;-14,17;-0,10;;;
4309V;92398;NORDESTE;CEARÁ;-04,5789117;-38,3671996;61,7964;53,5700;-8,23;-8,33;0,10;;;
4309X;92384;NORDESTE;CEARÁ;-04,9799477;-38,9893750;207,7394;198,6870;-9,05;-9,16;0,11;;;
4330U;92367;NORDESTE;CEARÁ;-06,6499345;-38,6963967;277,7754;268,3640;-9,41;-9,52;0,11;;;
4331E;92359;NORDESTE;CEARÁ;-07,1871037;-38,7733151;420,9671;411,4140;-9,55;-9,54;-0,01;;;
4331N;92361;NORDESTE;CEARÁ;-06,7942169;-39,2922151;311,8982;301,6220;-10,28;-10,44;0,16;;;
4332M;92371;NORDESTE;CEARÁ;-06,0045381;-40,2986314;397,2936;385,3290;-11,96;-11,99;0,03;;;
4347N;92376;NORDESTE;CEARÁ;-04,7084092;-40,5584685;251,9166;237,2710;-14,65;-14,62;-0,03;;;
4347S;92373;NORDESTE;CEARÁ;-05,5406922;-40,7698184;363,6560;349,6710;-13,99;-13,83;-0,16;;;
4348D;96556;NORDESTE;CEARÁ;-03,3729172;-39,2945050;49,6830;38,9030;-10,78;-10,76;-0,02;;;
4350S;92397;NORDESTE;CEARÁ;-02,9190886;-39,9188997;17,5125;04,7020;-12,81;-12,85;0,04;;;
459I;92344;NORDESTE;CEARÁ;-04,9787752;-39,0188824;185,6476;176,4440;-9,20;-9,23;0,03;;;
467V;92178;NORDESTE;CEARÁ;-04,3628675;-38,8020014;143,6885;134,6660;-9,02;-8,97;-0,05;;;
467Y;92179;NORDESTE;CEARÁ;-04,3722968;-38,8179354;105,3578;96,2180;-9,14;-9,00;-0,14;;;
471C;92181;NORDESTE;CEARÁ;-04,4784261;-39,0778019;237,4765;227,8920;-9,58;-9,57;-0,01;;;
504B;92336;NORDESTE;CEARÁ;-05,2196130;-40,5905391;335,0891;321,0260;-14,06;-13,92;-0,14;;;
522B;92197;NORDESTE;CEARÁ;-04,1576290;-40,7701571;940,4385;926,0980;-14,34;-14,36;0,02;;;
522F;92198;NORDESTE;CEARÁ;-04,1995232;-40,7589543;880,1305;865,7220;-14,41;-14,37;-0,04;;;
525E;92194;NORDESTE;CEARÁ;-03,1285829;-40,1458390;17,0071;03,5640;-13,44;-13,29;-0,15;;;
533F;92191;NORDESTE;CEARÁ;-03,0340177;-41,2438619;11,2296;-05,8800;-17,11;-17,02;-0,09;;;
569M;92338;NORDESTE;CEARÁ;-06,2149909;-40,6859898;475,1154;462,4490;-12,67;-12,52;-0,15;;;
9328D;92187;NORDESTE;CEARÁ;-03,6890954;-40,3418923;67,2144;52,8380;-14,38;-14,26;-0,12;;;
9523S;92001;NORDESTE;CEARÁ;-03,8159961;-38,4257152;59,6618;50,9550;-8,71;-8,79;0,08;;;
2664Z;96550;NORDESTE;MARANHÃO;-03,7331590;-43,4577880;47,4073;25,1820;-22,23;-22,02;-0,21;;;
2666B;93262;NORDESTE;MARANHÃO;-04,2473060;-43,0166770;62,8350;40,5850;-22,25;-21,91;-0,34;;;
2694A;93261;NORDESTE;MARANHÃO;-04,1188440;-44,1276040;35,2052;10,0960;-25,11;-24,66;-0,45;;;
2729G;92158;NORDESTE;MARANHÃO;-05,4922500;-47,4958130;121,5186;96,4310;-25,09;-24,61;-0,48;;;
2729H;92159;NORDESTE;MARANHÃO;-05,4918810;-47,4983280;120,2947;95,2040;-25,09;-24,60;-0,49;;;
2729J;92160;NORDESTE;MARANHÃO;-05,4898650;-47,4980770;120,6170;95,5490;-25,07;-24,60;-0,47;;;
2729L;92161;NORDESTE;MARANHÃO;-05,4902260;-47,4956030;122,5515;97,4690;-25,08;-24,61;-0,47;;;
2729M;92162;NORDESTE;MARANHÃO;-05,4765060;-47,4995910;173,8118;148,7480;-25,06;-24,60;-0,46;;;
2729X;92166;NORDESTE;MARANHÃO;-05,4745880;-47,4845660;185,7326;160,6280;-25,10;-24,61;-0,49;;;
2738C;96548;NORDESTE;MARANHÃO;-02,1824230;-45,8730150;64,8373;38,0120;-26,83;-26,40;-0,43;;;
2766G;96543;NORDESTE;MARANHÃO;-05,3457440;-44,4752220;126,5267;102,0070;-24,52;-24,03;-0,49;;;
4315N;96547;NORDESTE;MARANHÃO;-04,4751650;-46,8550950;165,7724;138,9720;-26,80;-26,43;-0,37;;;
845L;96546;NORDESTE;MARANHÃO;-05,7687040;-46,0704400;214,5273;188,4160;-26,11;-25,70;-0,41;;;
854N;96544;NORDESTE;MARANHÃO;-07,0430844;-44,6002541;262,6072;239,9210;-22,69;-22,49;-0,20;;;
858G;96549;NORDESTE;MARANHÃO;-03,5796310;-44,6581790;13,6398;-13,5570;-27,20;-26,80;-0,40;;;
862M;92568;NORDESTE;MARANHÃO;-03,9093150;-45,5897660;36,8787;08,8100;-28,07;-27,84;-0,23;;;
862X;92567;NORDESTE;MARANHÃO;-04,0217070;-45,7544520;46,3955;18,3970;-28,00;-27,74;-0,26;;;
9528B;92206;NORDESTE;MARANHÃO;-03,0563560;-45,6384220;63,6369;35,6580;-27,98;-27,53;-0,45;;;
9529A;90828;NORDESTE;MARANHÃO;-04,2468170;-46,1990480;295,3964;268,0050;-27,39;-27,20;-0,19;;;
1837D;96509;NORDESTE;PARAÍBA;-06,7698148;-37,7961460;187,5316;179,5830;-7,95;-7,98;0,03;;;
1883L;96510;NORDESTE;PARAÍBA;-07,3538393;-38,1497288;321,5451;313,0730;-8,47;-8,50;0,03;;;
2452U;96508;NORDESTE;PARAÍBA;-07,1585891;-36,7965350;545,7851;540,9800;-4,81;-5,05;0,24;;;
435X;96506;NORDESTE;PARAÍBA;-06,7832581;-35,9753231;429,7434;425,9780;-3,77;-4,00;0,23;;;
1807P;96520;NORDESTE;PERNAMBUCO;-07,9918813;-38,2986920;429,8804;421,1950;-8,69;-8,75;0,06;;;
1811V;96518;NORDESTE;PERNAMBUCO;-08,3699960;-36,5944880;678,7345;673,0030;-5,73;-5,90;0,17;;;
2476U;96517;NORDESTE;PERNAMBUCO;-08,7680230;-36,2498650;679,3415;673,7640;-5,58;-5,81;0,23;;;
2718T;93088;NORDESTE;PERNAMBUCO;-09,3650328;-40,5651529;383,6528;370,5050;-13,15;-13,09;-0,06;;;
348T;96519;NORDESTE;PERNAMBUCO;-08,6888124;-37,8651796;602,5790;593,5680;-9,01;-8,91;-0,10;;;
3640F;99572;NORDESTE;PERNAMBUCO;-08,0631629;-34,8711388;03,2453;-02,2690;-5,51;-5,75;0,24;;;
3640Z;93110;NORDESTE;PERNAMBUCO;-08,0509638;-34,9515164;25,6096;20,1790;-5,43;-5,53;0,10;;;
3672A;93315;NORDESTE;PERNAMBUCO;-08,3071419;-35,0722694;51,1579;45,6210;-5,54;-5,68;0,14;;;
3672U;93317;NORDESTE;PERNAMBUCO;-08,3067793;-35,2555933;95,7293;90,1920;-5,54;-5,59;0,05;;;
3673L;93319;NORDESTE;PERNAMBUCO;-08,1543402;-35,2639372;327,1681;321,7720;-5,40;-5,48;0,08;;;
3675C;93321;NORDESTE;PERNAMBUCO;-08,0584701;-34,9522852;09,3843;03,9380;-5,45;-5,55;0,10;;;
3675H;93316;NORDESTE;PERNAMBUCO;-08,3641074;-35,2151264;95,7579;90,2490;-5,51;-5,64;0,13;;;
2608J;96539;NORDESTE;PIAUÍ;-03,8394440;-42,4178130;72,8463;52,0450;-20,80;-20,65;-0,15;;;
2609F;96535;NORDESTE;PIAUÍ;-06,4777445;-42,3397744;422,0681;403,0090;-19,06;-18,93;-0,13;;;
2623L;96522;NORDESTE;PIAUÍ;-06,9943136;-41,3663118;220,8999;206,0310;-14,87;-14,74;-0,13;;;
2642R;96532;NORDESTE;PIAUÍ;-07,3537629;-40,7632923;482,1763;470,3680;-11,81;-11,73;-0,08;;;
2669A;96526;NORDESTE;PIAUÍ;-09,0588068;-44,3151604;258,9824;240,9260;-18,06;-17,94;-0,12;;;
2670H;96529;NORDESTE;PIAUÍ;-09,8253780;-45,3347220;496,2645;479,1670;-17,10;-16,97;-0,13;;;
2672D;96528;NORDESTE;PIAUÍ;-10,5195259;-45,1884866;519,8673;504,5380;-15,33;-15,36;0,03;;;
2758B;96530;NORDESTE;PIAUÍ;-06,7684298;-43,0193867;113,5560;92,7250;-20,83;-20,61;-0,22;;;
2761E;96525;NORDESTE;PIAUÍ;-08,0870746;-42,9512880;267,4645;249,7040;-17,76;-17,48;-0,28;;;
529U;96541;NORDESTE;PIAUÍ;-03,8999000;-41,7109599;92,1016;73,8220;-18,28;-18,06;-0,22;;;
533D;92192;NORDESTE;PIAUÍ;-03,0737419;-41,2632702;16,7283;-00,3900;-17,12;-17,04;-0,08;;;
545H;96538;NORDESTE;PIAUÍ;-05,4667251;-41,3429863;269,8898;254,2450;-15,64;-15,83;0,19;;;
561H;96537;NORDESTE;PIAUÍ;-04,9703160;-42,3741930;154,4151;133,7820;-20,63;-20,39;-0,24;;;
567V;96534;NORDESTE;PIAUÍ;-06,2638036;-41,4040543;286,9211;271,1740;-15,75;-15,60;-0,15;;;
574E;96536;NORDESTE;PIAUÍ;-05,5880675;-42,6141566;137,6626;116,8730;-20,79;-20,65;-0,14;;;
591A;96523;NORDESTE;PIAUÍ;-07,8858017;-41,8908994;305,9828;290,6550;-15,33;-15,37;0,04;;;
593B;96533;NORDESTE;PIAUÍ;-08,1036939;-41,0739238;370,0663;357,8240;-12,24;-12,23;-0,01;;;
874J;96527;NORDESTE;PIAUÍ;-10,1123917;-44,2175616;354,0216;339,2910;-14,73;-14,91;0,18;;;
2418V;96505;NORDESTE;RIO GRANDE DO NORTE;-06,1161933;-35,6799947;145,2210;140,8490;-4,37;-4,56;0,19;;;
2648J;96504;NORDESTE;RIO GRANDE DO NORTE;-05,5610114;-35,7411058;110,2491;105,4280;-4,82;-5,10;0,28;;;
440G;96502;NORDESTE;RIO GRANDE DO NORTE;-05,7889389;-37,5595585;157,8478;150,9340;-6,91;-7,00;0,09;;;
2525X;96512;NORDESTE;SERGIPE;-09,9861000;-37,0951390;46,3154;37,0450;-9,27;-9,26;-0,01;;;
2550R;96511;NORDESTE;SERGIPE;-10,9434083;-37,1996160;57,5366;47,2960;-10,24;-10,35;0,11;;;
324E;93137;NORDESTE;SERGIPE;-11,1109666;-37,8483687;225,2355;215,3780;-9,86;-9,90;0,04;;;
778J;91285;NORTE;AMAZONAS;-08,2512707;-63,9312163;80,2756;91,0950;10,82;11,13;-0,31;;;
780L;92831;NORTE;AMAZONAS;-07,5503050;-63,0775950;59,4320;66,3530;6,92;7,29;-0,37;;;
1608J;93997;NORTE;PARÁ;-01,5825500;-48,0163630;28,6338;03,0420;-25,59;-25,11;-0,48;;;
840U;90609;NORTE;PARÁ;-01,2975180;-47,9498160;45,5228;19,9410;-25,58;-25,16;-0,42;;;
984C;90448;NORTE;PARÁ;-06,8353307;-49,5828738;221,8345;200,2590;-21,58;-21,97;0,39;;;
993D;90411;NORTE;PARÁ;-07,1424020;-55,3822310;224,3235;208,5740;-15,75;-15,37;-0,38;;;
760N;91287;NORTE;RONDÔNIA;-10,5925629;-62,3527983;245,3090;259,6640;14,36;14,27;0,08;;;
762M;91242;NORTE;RONDÔNIA;-09,9286931;-63,0588031;117,1506;131,3240;14,17;14,23;-0,06;;;
763R;91286;NORTE;RONDÔNIA;-09,3681220;-63,1341946;120,6935;132,8670;12,17;12,27;-0,10;;;
9517C;90012;NORTE;RONDÔNIA;-08,7405439;-63,9032861;85,2713;97,2200;11,95;12,05;-0,10;;;
1377E;92821;NORTE;TOCANTINS;-12,9143030;-46,9537749;748,7745;731,3010;-17,47;-17,46;-0,01;;;
1379P;92616;NORTE;TOCANTINS;-12,6213725;-47,8861538;270,1947;253,6160;-16,58;-16,40;-0,18;;;
1384R;92829;NORTE;TOCANTINS;-11,6001820;-50,5704364;190,0378;172,6150;-17,42;-17,22;-0,20;;;
2208H;92823;NORTE;TOCANTINS;-10,9311899;-48,5230495;252,8454;236,4850;-16,36;-16,17;-0,19;;;
2305V;92822;NORTE;TOCANTINS;-11,7925663;-46,9062941;421,8932;404,5080;-17,39;-17,25;-0,14;;;
2312G;92820;NORTE;TOCANTINS;-12,4210016;-48,6240231;298,3859;284,3200;-14,07;-14,03;-0,04;;;
3251U;92617;NORTE;TOCANTINS;-12,7437272;-48,2374296;268,6431;253,6850;-14,96;-14,78;-0,18;;;
3254A;92615;NORTE;TOCANTINS;-12,2898137;-48,2392581;290,1915;275,0350;-15,16;-15,11;-0,05;;;
682P;92825;NORTE;TOCANTINS;-09,7648506;-48,7034962;338,5989;319,8700;-18,73;-18,57;-0,16;;;
687B;92828;NORTE;TOCANTINS;-07,5502670;-48,4164370;268,1823;245,4220;-22,76;-22,42;-0,34;;;
946V;92824;NORTE;TOCANTINS;-09,5654998;-46,6165731;453,8431;433,7470;-20,10;-20,36;0,26;;;
1087A;91596;SUDESTE;ESPÍRITO SANTO;-20,2331380;-40,2753730;33,5281;25,8890;-7,64;-7,36;-0,28;;;
173D;96067;SUDESTE;ESPÍRITO SANTO;-19,9341059;-40,6008784;651,0328;644,5280;-6,50;-6,85;0,35;;;
3281R;96066;SUDESTE;ESPÍRITO SANTO;-19,0514920;-40,0292262;47,9021;40,2240;-7,68;-7,88;0,20;;;
3286J;91849;SUDESTE;ESPÍRITO SANTO;-18,7117171;-39,8761929;43,8680;36,2220;-7,65;-7,85;0,20;;;
4005A;96068;SUDESTE;ESPÍRITO SANTO;-21,1152472;-41,0255310;26,4805;19,5990;-6,88;-7,02;0,14;;;
4006L;96065;SUDESTE;ESPÍRITO SANTO;-20,7697658;-41,1627492;71,4975;64,7670;-6,73;-6,92;0,19;;;
4007M;96064;SUDESTE;ESPÍRITO SANTO;-20,7495066;-41,4731220;114,5818;108,1450;-6,44;-6,53;0,09;;;
4018Z;91847;SUDESTE;ESPÍRITO SANTO;-20,2124997;-40,2680291;37,2254;30,0860;-7,14;-7,37;0,23;;;
4025P;91871;SUDESTE;ESPÍRITO SANTO;-18,1331624;-40,3636408;188,5380;179,8160;-8,72;-8,86;0,14;;;
4028M;93699;SUDESTE;ESPÍRITO SANTO;-18,3806063;-40,8195724;234,2863;225,1860;-9,10;-9,27;0,17;;;
4030J;91872;SUDESTE;ESPÍRITO SANTO;-18,7505876;-40,8897362;211,7365;202,7120;-9,02;-9,21;0,19;;;
4035N;91873;SUDESTE;ESPÍRITO SANTO;-19,8874530;-40,8675409;185,0990;177,9450;-7,15;-7,26;0,11;;;
108L;91630;SUDESTE;MINAS GERAIS;-20,6601721;-43,7859457;995,0392;990,9660;-4,07;-4,30;0,23;;;
1138C;91740;SUDESTE;MINAS GERAIS;-19,6444121;-42,8188547;341,2792;330,8210;-10,46;-10,24;-0,22;;;
1169D;91771;SUDESTE;MINAS GERAIS;-18,4803693;-43,0386095;702,1681;692,1610;-10,01;-10,07;0,06;;;
1172T;96059;SUDESTE;MINAS GERAIS;-18,3665645;-44,4404761;638,4285;628,0950;-10,33;-10,32;-0,01;;;
1293J;93923;SUDESTE;MINAS GERAIS;-16,1146103;-45,6238287;592,7460;579,3510;-13,40;-13,39;0,00;;;
135I;96063;SUDESTE;MINAS GERAIS;-20,3300221;-42,3647084;675,1005;668,8780;-6,22;-6,50;0,28;;;
146Q;96056;SUDESTE;MINAS GERAIS;-18,5894766;-46,5169278;834,0203;824,3460;-9,67;-9,56;-0,11;;;
215S;96055;SUDESTE;MINAS GERAIS;-17,2240651;-46,8743006;683,0857;670,4800;-12,61;-12,55;-0,06;;;
2163L;96057;SUDESTE;MINAS GERAIS;-19,4001171;-47,3213885;1096,2499;1087,9170;-8,33;-8,52;0,19;;;
2286G;91243;SUDESTE;MINAS GERAIS;-15,6242188;-46,4223333;551,7776;538,0600;-13,72;-13,53;-0,19;;;
2319S;93906;SUDESTE;MINAS GERAIS;-17,3479490;-44,9068594;510,6511;498,3350;-12,32;-12,27;-0,05;;;
2332A;96061;SUDESTE;MINAS GERAIS;-17,2132359;-44,4454414;559,0887;546,9120;-12,18;-12,13;-0,05;;;
2981F;91791;SUDESTE;MINAS GERAIS;-20,3015000;-49,1972345;450,8395;443,3400;-7,50;-7,33;-0,17;;;
2990V;91691;SUDESTE;MINAS GERAIS;-20,3572240;-47,0360243;722,7109;715,5740;-7,14;-6,95;-0,19;;;
2992M;91677;SUDESTE;MINAS GERAIS;-20,2835598;-47,0643936;669,2814;662,1750;-7,11;-7,16;0,05;;;
2992S;91674;SUDESTE;MINAS GERAIS;-20,2862672;-47,0642366;669,3160;662,0370;-7,28;-7,16;-0,12;;;
2992T;91673;SUDESTE;MINAS GERAIS;-20,2863026;-47,0668528;631,6414;624,5140;-7,13;-7,15;0,02;;;
2992Z;91675;SUDESTE;MINAS GERAIS;-20,2856163;-47,0672158;632,3074;625,2110;-7,10;-7,16;0,06;;;
2993L;91676;SUDESTE;MINAS GERAIS;-20,2756627;-47,0789592;629,3778;622,2700;-7,11;-7,16;0,05;;;
2993U;91670;SUDESTE;MINAS GERAIS;-20,2882108;-47,0665739;686,2989;679,2680;-7,03;-7,15;0,12;;;
2993X;91665;SUDESTE;MINAS GERAIS;-20,1510138;-47,2800190;631,2579;623,6310;-7,63;-7,60;-0,03;;;
2996A;91694;SUDESTE;MINAS GERAIS;-20,6039382;-46,9106961;696,3033;689,6670;-6,64;-6,64;0,00;;;
3003G;91678;SUDESTE;MINAS GERAIS;-20,6637603;-46,3166536;774,3025;767,8090;-6,49;-6,53;0,04;;;
3003J;91679;SUDESTE;MINAS GERAIS;-20,6652893;-46,3207131;682,5436;676,0620;-6,48;-6,53;0,05;;;
3034J;91784;SUDESTE;MINAS GERAIS;-20,0319841;-47,4342421;573,5673;565,3660;-8,20;-8,07;-0,13;;;
3034P;91846;SUDESTE;MINAS GERAIS;-20,0510312;-47,4061054;572,7692;564,5780;-8,19;-7,99;-0,20;;;
3036F;91788;SUDESTE;MINAS GERAIS;-20,1193948;-48,5733326;473,5930;465,6570;-7,94;-8,07;0,13;;;
3036G;91789;SUDESTE;MINAS GERAIS;-20,1247573;-48,5723361;469,9536;461,9270;-8,03;-8,07;0,04;;;
3036X;91790;SUDESTE;MINAS GERAIS;-20,2940128;-49,1944528;457,1737;449,7520;-7,42;-7,33;-0,09;;;
3038R;91786;SUDESTE;MINAS GERAIS;-20,0247606;-48,2150747;499,7342;490,9060;-8,83;-8,75;-0,08;;;
3042S;91817;SUDESTE;MINAS GERAIS;-21,1901624;-45,0569930;773,1171;769,1250;-3,99;-4,10;0,11;;;
3043L;91811;SUDESTE;MINAS GERAIS;-21,0878110;-45,1780533;783,0893;778,8380;-4,25;-4,43;0,18;;;
3043T;91810;SUDESTE;MINAS GERAIS;-21,0711498;-45,2301308;773,8651;769,4320;-4,43;-4,53;0,10;;;
3043Z;91804;SUDESTE;MINAS GERAIS;-21,0498902;-45,2786115;770,1459;765,6000;-4,55;-4,68;0,13;;;
3044A;91802;SUDESTE;MINAS GERAIS;-21,0505260;-45,2858589;772,6510;768,1230;-4,53;-4,69;0,16;;;
3044E;91803;SUDESTE;MINAS GERAIS;-21,0593648;-45,3158092;769,7317;765,1470;-4,58;-4,73;0,15;;;
3044G;91799;SUDESTE;MINAS GERAIS;-21,2274852;-44,9786388;919,4306;915,6730;-3,76;-3,97;0,21;;;
3044V;91815;SUDESTE;MINAS GERAIS;-21,1672804;-45,1166869;808,5744;804,4460;-4,13;-4,22;0,09;;;
3044X;91732;SUDESTE;MINAS GERAIS;-21,3330862;-44,9745698;1044,7168;1041,0980;-3,62;-3,82;0,20;;;
3044Z;91733;SUDESTE;MINAS GERAIS;-21,3327146;-44,9728411;1041,7607;1038,1730;-3,59;-3,82;0,23;;;
3045R;91797;SUDESTE;MINAS GERAIS;-21,1326782;-45,0228794;789,4186;785,4630;-3,96;-4,08;0,12;;;
3045T;91798;SUDESTE;MINAS GERAIS;-21,2276372;-44,9759475;921,9325;918,1470;-3,79;-3,97;0,18;;;
3045U;91800;SUDESTE;MINAS GERAIS;-21,2291141;-44,9746058;921,9516;918,1550;-3,80;-3,97;0,17;;;
3045X;91801;SUDESTE;MINAS GERAIS;-21,2278998;-44,9735593;931,5155;927,5210;-3,99;-3,97;-0,02;;;
3050D;91734;SUDESTE;MINAS GERAIS;-21,3304583;-44,9681942;1018,8444;1015,0730;-3,77;-3,82;0,05;;;
3050E;91735;SUDESTE;MINAS GERAIS;-21,3295158;-44,9688072;1008,2568;1004,6360;-3,62;-3,82;0,20;;;
3050F;91731;SUDESTE;MINAS GERAIS;-21,3302860;-44,9819160;1182,3859;1179,0170;-3,37;-3,83;0,46;;;
3050G;91729;SUDESTE;MINAS GERAIS;-21,3306134;-44,9838917;1217,1873;1213,6290;-3,56;-3,83;0,27;;;
3053E;91809;SUDESTE;MINAS GERAIS;-21,1158011;-45,2123177;799,1192;794,7800;-4,34;-4,44;0,10;;;
3053G;91807;SUDESTE;MINAS GERAIS;-21,1396268;-45,2223609;790,8774;786,3510;-4,53;-4,41;-0,12;;;
3053M;91806;SUDESTE;MINAS GERAIS;-21,1316898;-45,2517131;768,6905;764,3420;-4,35;-4,46;0,11;;;
3053U;91805;SUDESTE;MINAS GERAIS;-21,0803720;-45,2571318;773,3308;768,8560;-4,47;-4,57;0,10;;;
3261F;92711;SUDESTE;MINAS GERAIS;-18,4242683;-49,1189247;523,2110;511,9500;-11,26;-11,10;-0,16;;;
3261H;92712;SUDESTE;MINAS GERAIS;-18,4069112;-49,0972581;523,4241;512,1000;-11,32;-11,16;-0,16;;;
3320L;92851;SUDESTE;MINAS GERAIS;-20,8620348;-46,8984670;956,0945;950,5310;-5,56;-5,65;0,09;;;
3320U;92852;SUDESTE;MINAS GERAIS;-20,8948856;-47,0021116;933,3689;928,0420;-5,33;-5,51;0,18;;;
3321L;92853;SUDESTE;MINAS GERAIS;-21,0712379;-46,9795535;1158,0089;1153,0430;-4,97;-5,18;0,21;;;
3321Z;92854;SUDESTE;MINAS GERAIS;-21,1929657;-46,9729304;889,2239;884,3460;-4,88;-4,99;0,11;;;
3322L;92855;SUDESTE;MINAS GERAIS;-21,3499526;-46,9407411;763,8446;759,0310;-4,81;-4,87;0,06;;;
4022S;91703;SUDESTE;MINAS GERAIS;-20,7474109;-42,8390417;655,7051;649,2560;-6,45;-6,59;0,14;;;
4022T;91702;SUDESTE;MINAS GERAIS;-20,7403881;-42,8437789;653,6108;647,1250;-6,49;-6,62;0,13;;;
4022U;91700;SUDESTE;MINAS GERAIS;-20,7625950;-42,8641293;702,2267;695,7690;-6,46;-6,59;0,13;;;
4022X;91701;SUDESTE;MINAS GERAIS;-20,7653937;-42,8670268;698,4360;691,9810;-6,46;-6,58;0,12;;;
4022Z;91699;SUDESTE;MINAS GERAIS;-20,7564050;-42,8711022;712,5017;706,0330;-6,47;-6,61;0,14;;;
618M;96058;SUDESTE;MINAS GERAIS;-18,1044781;-45,4681658;603,6902;593,0270;-10,66;-10,75;0,09;;;
658A;91834;SUDESTE;MINAS GERAIS;-20,0492576;-47,4056955;580,8847;572,7800;-8,10;-8,00;-0,10;;;
9502D;91031;SUDESTE;MINAS GERAIS;-19,7620378;-48,1015818;763,4072;754,0430;-9,36;-9,31;-0,05;;;
1000N;91825;SUDESTE;RIO DE JANEIRO;-22,6055258;-43,9354219;473,9662;469,4900;-4,48;-4,65;0,17;;;
1005U;91953;SUDESTE;RIO DE JANEIRO;-22,5596033;-42,8616096;11,8198;06,0830;-5,74;-5,80;0,06;;;
1006U;93955;SUDESTE;RIO DE JANEIRO;-22,6456087;-43,0701931;05,3650;-00,3110;-5,68;-5,72;0,04;;;
1008S;96162;SUDESTE;RIO DE JANEIRO;-22,8057794;-42,9810757;27,8813;21,7740;-6,11;-6,21;0,10;;;
1013A;91969;SUDESTE;RIO DE JANEIRO;-22,8469856;-42,1858095;05,8496;-00,0410;-5,89;-6,05;0,16;;;
1014E;91870;SUDESTE;RIO DE JANEIRO;-22,4134916;-43,1401148;685,8676;681,7040;-4,16;-4,51;0,35;;;
1021C;91823;SUDESTE;RIO DE JANEIRO;-22,7040336;-44,0959988;411,0279;406,8530;-4,17;-4,32;0,15;;;
1025C;96126;SUDESTE;RIO DE JANEIRO;-21,4930416;-41,6146152;22,6085;15,5670;-7,04;-7,05;0,01;;;
2814B;91826;SUDESTE;RIO DE JANEIRO;-22,4497006;-44,3184273;421,6857;417,7460;-3,94;-4,04;0,10;;;
2814U;91827;SUDESTE;RIO DE JANEIRO;-22,5523662;-44,0681124;456,6102;452,0890;-4,52;-4,50;-0,02;;;
2820G;91820;SUDESTE;RIO DE JANEIRO;-23,1948156;-44,7281424;04,7222;00,2580;-4,46;-4,44;-0,02;;;
2820S;91830;SUDESTE;RIO DE JANEIRO;-22,6406837;-43,7130728;39,8979;34,7000;-5,20;-5,25;0,05;;;
2821S;91828;SUDESTE;RIO DE JANEIRO;-22,5275333;-43,7217355;422,0576;417,3510;-4,71;-4,85;0,14;;;
2822M;91829;SUDESTE;RIO DE JANEIRO;-22,6387524;-43,6656212;40,2725;35,0170;-5,26;-5,31;0,05;;;
2823E;91869;SUDESTE;RIO DE JANEIRO;-22,4941699;-43,5208131;494,6432;490,0590;-4,58;-4,82;0,24;;;
2824M;91866;SUDESTE;RIO DE JANEIRO;-22,1966026;-43,3155047;327,7713;323,2740;-4,50;-4,65;0,15;;;
2825H;91966;SUDESTE;RIO DE JANEIRO;-22,6917953;-42,5470085;51,8291;45,6680;-6,16;-6,29;0,13;;;
2825Z;91968;SUDESTE;RIO DE JANEIRO;-22,5190383;-42,3422330;20,8540;14,9130;-5,94;-6,02;0,08;;;
2826S;91964;SUDESTE;RIO DE JANEIRO;-22,4662465;-42,0717004;17,2261;10,9430;-6,28;-6,40;0,12;;;
2828N;91962;SUDESTE;RIO DE JANEIRO;-22,4758039;-41,8944387;08,2093;01,6820;-6,53;-6,71;0,18;;;
2829G;91961;SUDESTE;RIO DE JANEIRO;-22,2759269;-41,7058100;09,4930;02,9280;-6,57;-6,80;0,23;;;
2830F;91958;SUDESTE;RIO DE JANEIRO;-22,1019283;-41,4521838;08,0287;01,5200;-6,51;-6,74;0,23;;;
2833P;91954;SUDESTE;RIO DE JANEIRO;-21,9206241;-42,1574956;198,1656;192,0490;-6,12;-6,25;0,13;;;
2835G;93968;SUDESTE;RIO DE JANEIRO;-22,2449164;-42,9159659;712,6094;708,3800;-4,23;-4,47;0,24;;;
2842F;91868;SUDESTE;RIO DE JANEIRO;-21,9383040;-42,5962143;287,5823;282,0860;-5,50;-5,66;0,16;;;
2844P;91963;SUDESTE;RIO DE JANEIRO;-22,0823320;-42,0695320;694,2299;688,6490;-5,58;-5,85;0,27;;;
2849X;91955;SUDESTE;RIO DE JANEIRO;-21,7219195;-41,9422151;86,8872;80,2750;-6,61;-6,76;0,15;;;
2994A;91500;SUDESTE;RIO DE JANEIRO;-22,8191022;-43,3066533;04,3432;-01,4590;-5,80;-5,78;-0,02;;;
2994B;91513;SUDESTE;RIO DE JANEIRO;-22,8191546;-43,3065724;03,1932;-02,5980;-5,79;-5,78;-0,01;;;
2994G;93689;SUDESTE;RIO DE JANEIRO;-22,3890127;-41,7707863;05,3113;-01,1960;-6,51;-6,78;0,27;;;
2994L;93518;SUDESTE;RIO DE JANEIRO;-22,8831430;-43,1347289;01,6897;-04,2190;-5,91;-6,01;0,10;;;
2994X;96099;SUDESTE;RIO DE JANEIRO;-22,9223591;-43,0947503;04,2399;-01,6410;-5,88;-6,03;0,15;;;
3002S;91885;SUDESTE;RIO DE JANEIRO;-21,8441414;-42,5785574;140,4513;134,5410;-5,91;-6,02;0,11;;;
3010E;96159;SUDESTE;RIO DE JANEIRO;-22,9267725;-42,9240315;14,5608;08,5830;-5,98;-6,21;0,23;;;
3013G;91965;SUDESTE;RIO DE JANEIRO;-22,8858893;-42,4763552;12,9255;06,9600;-5,97;-6,17;0,20;;;
3013U;91967;SUDESTE;RIO DE JANEIRO;-22,8654856;-42,3152334;17,3490;11,4060;-5,94;-6,08;0,14;;;
3017D;96045;SUDESTE;RIO DE JANEIRO;-22,4964825;-44,6605134;465,6957;462,5770;-3,12;-3,24;0,12;;;
3017S;91824;SUDESTE;RIO DE JANEIRO;-22,4559617;-44,3943458;405,5084;401,7160;-3,79;-3,86;0,07;;;
3068S;91821;SUDESTE;RIO DE JANEIRO;-22,9666781;-44,0447840;04,8110;-00,2620;-5,07;-4,84;-0,23;;;
3073D;91970;SUDESTE;RIO DE JANEIRO;-22,7744833;-41,9305506;02,6342;-03,2770;-5,91;-6,14;0,23;;;
3086H;91888;SUDESTE;RIO DE JANEIRO;-22,3695553;-41,7845022;06,5936;00,0560;-6,54;-6,77;0,23;;;
3088S;91783;SUDESTE;RIO DE JANEIRO;-22,9784683;-42,0202613;06,8732;01,2710;-5,60;-5,80;0,20;;;
3091B;93967;SUDESTE;RIO DE JANEIRO;-22,7715162;-42,9285341;16,9668;10,8160;-6,15;-6,26;0,11;;;
3099C;93915;SUDESTE;RIO DE JANEIRO;-22,8465713;-43,2364323;05,2562;-00,5490;-5,81;-5,84;0,03;;;
3100T;93916;SUDESTE;RIO DE JANEIRO;-22,8236794;-43,2315361;04,0193;-01,7840;-5,80;-5,85;0,05;;;
3121A;91720;SUDESTE;RIO DE JANEIRO;-22,8178444;-43,3062766;14,3646;08,6320;-5,73;-5,78;0,05;;;
4001L;91956;SUDESTE;RIO DE JANEIRO;-21,6534772;-41,7407452;41,5429;34,8870;-6,66;-6,83;0,17;;;
4003P;91960;SUDESTE;RIO DE JANEIRO;-21,4773589;-41,1138355;09,5455;02,9750;-6,57;-6,74;0,17;;;
4010B;93966;SUDESTE;RIO DE JANEIRO;-21,2003954;-41,7159273;140,6310;133,8720;-6,76;-6,86;0,10;;;
9022D;93519;SUDESTE;RIO DE JANEIRO;-22,3891153;-41,7706803;05,2776;-01,2150;-6,49;-6,78;0,29;;;
9022E;93690;SUDESTE;RIO DE JANEIRO;-22,3868436;-41,7693948;04,4741;-02,0360;-6,51;-6,77;0,26;;;
2388G;91617;SUDESTE;SÃO PAULO;-20,2524603;-50,1835142;435,2343;427,5870;-7,65;-7,54;-0,11;;;
2810C;91711;SUDESTE;SÃO PAULO;-22,6754365;-45,0007562;556,4976;553,3800;-3,12;-3,24;0,12;;;
2875N;91839;SUDESTE;SÃO PAULO;-22,9381794;-48,3927779;877,4363;872,2210;-5,22;-5,27;0,05;;;
2875R;91840;SUDESTE;SÃO PAULO;-22,9355632;-48,3593177;683,0428;677,7400;-5,30;-5,31;0,01;;;
2914G;91844;SUDESTE;SÃO PAULO;-21,9392862;-48,8011150;509,9552;503,2760;-6,68;-6,63;-0,05;;;
2914R;91843;SUDESTE;SÃO PAULO;-21,8069298;-48,8385048;448,3992;441,6150;-6,78;-6,67;-0,11;;;
2964J;93681;SUDESTE;SÃO PAULO;-21,1854098;-49,5830830;485,7722;478,7500;-7,02;-6,91;-0,11;;;
2965J;93682;SUDESTE;SÃO PAULO;-21,0313645;-49,6469204;469,6232;462,6100;-7,01;-6,95;-0,06;;;
2988C;91615;SUDESTE;SÃO PAULO;-20,7846568;-49,3581848;527,7466;520,7550;-6,99;-6,96;-0,03;;;
2988H;91668;SUDESTE;SÃO PAULO;-20,2613998;-47,3674521;1074,5587;1067,4830;-7,08;-7,19;0,11;;;
2988Z;91689;SUDESTE;SÃO PAULO;-20,2417955;-47,3102734;685,2480;678,0090;-7,24;-7,34;0,10;;;
2989B;91690;SUDESTE;SÃO PAULO;-20,2445144;-47,2713686;710,3971;703,1280;-7,27;-7,33;0,06;;;
2991T;91634;SUDESTE;SÃO PAULO;-23,2127667;-45,8596980;624,3378;621,2170;-3,12;-3,20;0,08;;;
2992B;91638;SUDESTE;SÃO PAULO;-23,2193792;-45,8721470;619,1325;615,9910;-3,14;-3,19;0,05;;;
2992C;91637;SUDESTE;SÃO PAULO;-23,2257690;-45,8631306;628,0205;624,8730;-3,15;-3,21;0,06;;;
2992D;91636;SUDESTE;SÃO PAULO;-23,2343860;-45,8537701;646,2563;643,0740;-3,18;-3,22;0,04;;;
2992E;91635;SUDESTE;SÃO PAULO;-23,2225809;-45,8654884;625,0867;621,9520;-3,13;-3,20;0,07;;;
3007P;91612;SUDESTE;SÃO PAULO;-20,5819065;-47,3809555;1011,1194;1005,0590;-6,06;-6,26;0,20;;;
3007T;91607;SUDESTE;SÃO PAULO;-23,5508467;-46,7315776;721,1014;718,1400;-2,96;-3,05;0,09;;;
3018P;91608;SUDESTE;SÃO PAULO;-23,4114418;-45,5936430;720,8007;717,5060;-3,29;-3,44;0,15;;;
3018V;91725;SUDESTE;SÃO PAULO;-22,6799845;-44,9911428;572,9733;569,8570;-3,12;-3,24;0,12;;;
3018X;91727;SUDESTE;SÃO PAULO;-22,6872269;-44,9851633;619,7134;616,5980;-3,12;-3,24;0,12;;;
3018Z;91728;SUDESTE;SÃO PAULO;-22,6867011;-44,9847929;619,0710;615,9520;-3,12;-3,23;0,11;;;
3020B;91682;SUDESTE;SÃO PAULO;-22,6869607;-44,9842878;623,3900;620,2780;-3,11;-3,23;0,12;;;
3020D;91726;SUDESTE;SÃO PAULO;-22,6916829;-44,9908086;648,5318;645,4080;-3,12;-3,24;0,12;;;
3020L;91685;SUDESTE;SÃO PAULO;-22,8047918;-48,4274363;750,9057;745,3850;-5,52;-5,58;0,06;;;
3020M;91616;SUDESTE;SÃO PAULO;-21,7549189;-48,9927658;408,9119;402,3510;-6,56;-6,64;0,08;;;
3020R;91613;SUDESTE;SÃO PAULO;-21,2351641;-48,2863848;612,8991;605,9600;-6,94;-6,98;0,04;;;
3021N;91684;SUDESTE;SÃO PAULO;-24,4421562;-47,7829551;47,6534;44,2570;-3,40;-3,40;0,00;;;
3023E;91683;SUDESTE;SÃO PAULO;-23,5293356;-48,0098634;750,7915;746,7040;-4,09;-4,16;0,07;;;
3035R;91355;SUDESTE;SÃO PAULO;-20,2623761;-48,6748720;465,0675;457,0990;-7,97;-7,88;-0,09;;;
3038T;91787;SUDESTE;SÃO PAULO;-20,0356026;-48,2229336;497,5037;488,6570;-8,85;-8,72;-0,13;;;
3041S;91845;SUDESTE;SÃO PAULO;-20,2719653;-47,4553697;1050,2653;1043,4190;-6,85;-7,05;0,20;;;
3041U;91833;SUDESTE;SÃO PAULO;-20,2716257;-47,4545204;1051,8686;1044,9230;-6,95;-7,05;0,10;;;
3056A;91554;SUDESTE;SÃO PAULO;-22,9044714;-50,0019012;392,0258;386,7490;-5,28;-5,18;-0,10;;;
3092T;91716;SUDESTE;SÃO PAULO;-25,0202393;-47,9249685;07,9738;06,0580;-1,92;-1,88;-0,04;;;
3108U;92578;SUDESTE;SÃO PAULO;-22,1281713;-51,4281761;434,1324;429,1070;-5,03;-4,99;-0,04;;;
3111T;91550;SUDESTE;SÃO PAULO;-21,9505266;-50,9414528;326,5143;320,4360;-6,08;-5,87;-0,21;;;
3112M;96157;SUDESTE;SÃO PAULO;-21,7916176;-50,7968389;490,1175;483,7970;-6,32;-6,17;-0,15;;;
3113A;91584;SUDESTE;SÃO PAULO;-21,7134889;-50,7275925;440,0737;433,6090;-6,46;-6,29;-0,17;;;
3113T;91719;SUDESTE;SÃO PAULO;-21,5963944;-50,6014286;426,8598;420,2020;-6,66;-6,48;-0,18;;;
3114D;91971;SUDESTE;SÃO PAULO;-21,5250232;-50,5516378;446,0492;439,3770;-6,67;-6,57;-0,10;;;
3114S;91972;SUDESTE;SÃO PAULO;-21,3975656;-50,4833494;461,1102;454,2250;-6,89;-6,73;-0,16;;;
3115F;91973;SUDESTE;SÃO PAULO;-21,3387062;-50,3999974;476,1048;469,0950;-7,01;-6,80;-0,21;;;
3115T;91974;SUDESTE;SÃO PAULO;-21,2203796;-50,3029280;404,3274;397,0770;-7,25;-7,00;-0,25;;;
3116H;91975;SUDESTE;SÃO PAULO;-21,0569952;-50,2009530;383,2946;375,8570;-7,44;-7,25;-0,19;;;
3124A;91507;SUDESTE;SÃO PAULO;-23,2134842;-45,8605913;625,6337;622,5270;-3,11;-3,20;0,09;;;
3124B;96110;SUDESTE;SÃO PAULO;-23,2134535;-45,8608179;624,2305;621,0250;-3,21;-3,20;-0,01;;;
3125R;96158;SUDESTE;SÃO PAULO;-21,8583693;-50,6893384;499,4072;493,1550;-6,25;-6,12;-0,13;;;
3307V;91610;SUDESTE;SÃO PAULO;-21,6251631;-47,0180133;585,1585;580,0260;-5,13;-5,18;0,05;;;
3322T;92856;SUDESTE;SÃO PAULO;-21,4375693;-47,0096851;618,8147;613,7380;-5,08;-5,09;0,01;;;
4037Z;93901;SUDESTE;SÃO PAULO;-21,2410525;-48,2866494;575,2342;568,2680;-6,97;-6,98;0,01;;;
4038N;91351;SUDESTE;SÃO PAULO;-21,0858124;-48,4033954;603,2083;596,2820;-6,93;-7,02;0,09;;;
4039B;91352;SUDESTE;SÃO PAULO;-20,9328399;-48,4721842;565,1234;558,0830;-7,04;-7,14;0,10;;;
4039S;91353;SUDESTE;SÃO PAULO;-20,7212416;-48,5363156;588,2276;580,8910;-7,34;-7,37;0,03;;;
4040F;91879;SUDESTE;SÃO PAULO;-20,5831466;-48,5974632;576,5349;568,8570;-7,68;-7,63;-0,05;;;
9501C;90764;SUDESTE;SÃO PAULO;-23,5665728;-46,7325846;790,7420;787,7730;-2,97;-3,05;0,08;;;
9502B;91785;SUDESTE;SÃO PAULO;-20,0210633;-47,4357342;561,4362;553,1530;-8,28;-8,11;-0,17;;;
1581T;96149;SUL;PARANÁ;-23,7893704;-53,0603096;470,8619;471,0500;0,19;0,15;0,04;;;
1587X;93999;SUL;PARANÁ;-23,2464698;-50,7269278;400,1126;396,1140;-4,00;-3,88;-0,12;;;
1594D;96148;SUL;PARANÁ;-23,7223914;-52,1800140;374,9377;373,2190;-1,72;-1,67;-0,05;;;
1597H;93961;SUL;PARANÁ;-24,0153659;-51,0917001;1011,8736;1011,9770;0,10;-0,15;0,25;;;
1720M;96151;SUL;PARANÁ;-24,3755293;-53,8350235;381,8800;384,6350;2,76;2,85;-0,10;;;
1726F;96153;SUL;PARANÁ;-25,7498442;-53,0535789;511,4725;514,3000;2,83;2,89;-0,06;;;
1728D;96154;SUL;PARANÁ;-26,2665338;-52,7826059;689,6361;694,3880;4,75;4,60;0,15;;;
1731M;96152;SUL;PARANÁ;-25,1499081;-53,8439080;672,7305;676,8290;4,10;4,05;0,05;;;
1735D;96155;SUL;PARANÁ;-25,4258255;-52,0179864;770,0963;773,5040;3,41;3,27;0,14;;;
1741B;96156;SUL;PARANÁ;-25,6969978;-51,6599773;1051,9362;1056,8500;4,91;4,70;0,21;;;
1743H;91743;SUL;PARANÁ;-24,7530239;-51,7761673;893,0858;894,8960;1,81;1,72;0,09;;;
2018P;92700;SUL;PARANÁ;-24,7249370;-49,9863700;1037,5545;1041,7460;4,19;3,90;0,29;;;
2021V;96147;SUL;PARANÁ;-24,5665493;-51,3375284;536,6371;537,3330;0,70;0,83;-0,13;;;
2028D;94050;SUL;PARANÁ;-23,8749019;-53,8909314;377,8352;379,5210;1,69;1,86;-0,17;;;
2985A;91582;SUL;PARANÁ;-25,5791022;-54,5591294;179,8058;185,0230;5,22;5,24;-0,02;;;
3105U;91795;SUL;PARANÁ;-22,6963865;-51,7919334;379,3650;375,7260;-3,64;-3,41;-0,23;;;
3279F;91105;SUL;PARANÁ;-25,4483686;-49,2309548;921,8421;925,7650;3,92;3,66;0,26;;;
3279N;91123;SUL;PARANÁ;-25,4522590;-49,2359360;909,6970;913,6890;3,99;3,67;0,32;;;
3279R;91124;SUL;PARANÁ;-25,4540870;-49,2367710;907,1962;911,1840;3,99;3,67;0,32;;;
3279U;91103;SUL;PARANÁ;-25,4555288;-49,2374304;907,1886;911,1340;3,95;3,67;0,28;;;
1413L;93972;SUL;RIO GRANDE DO SUL;-28,0563440;-51,1297600;914,1311;921,1530;7,02;6,76;0,26;;;
1780U;94047;SUL;RIO GRANDE DO SUL;-29,7781008;-50,1743609;16,4655;19,7680;3,30;3,24;0,06;;;
1790D;94039;SUL;RIO GRANDE DO SUL;-30,1565119;-52,1174593;61,3373;68,3320;6,99;6,97;0,02;;;
1791C;94044;SUL;RIO GRANDE DO SUL;-29,7002478;-52,8594946;126,6082;134,9240;8,32;8,22;0,10;;;
1792H;91947;SUL;RIO GRANDE DO SUL;-29,7108457;-53,7168047;85,6995;95,2440;9,54;9,46;0,08;;;
1792L;91946;SUL;RIO GRANDE DO SUL;-29,6953655;-53,7750871;115,6781;125,2820;9,60;9,56;0,04;;;
1795M;94040;SUL;RIO GRANDE DO SUL;-30,2422288;-52,7474274;51,2498;60,0730;8,82;8,82;0,00;;;
1907L;93976;SUL;RIO GRANDE DO SUL;-29,1720310;-52,2058920;499,1238;506,7930;7,67;7,44;0,23;;;
1916J;93816;SUL;RIO GRANDE DO SUL;-28,3783195;-54,2837667;265,5297;274,1470;8,62;8,65;-0,03;;;
1919R;93975;SUL;RIO GRANDE DO SUL;-28,6356413;-53,6138781;471,0110;480,0330;9,02;8,91;0,11;;;
1930H;91945;SUL;RIO GRANDE DO SUL;-29,6663734;-54,6727409;119,6918;130,0430;10,35;10,31;0,04;;;
1937B;91943;SUL;RIO GRANDE DO SUL;-30,2415909;-54,9508784;139,3864;151,4430;12,06;11,96;0,10;;;
1938J;91936;SUL;RIO GRANDE DO SUL;-29,8343847;-55,6858042;130,2493;142,3740;12,12;12,10;0,02;;;
1941N;91938;SUL;RIO GRANDE DO SUL;-30,8582440;-55,5020140;199,4816;213,3770;13,90;13,68;0,22;;;
1943J;91940;SUL;RIO GRANDE DO SUL;-30,1779068;-56,0547411;226,7287;239,9130;13,18;13,10;0,08;;;
1946V;91939;SUL;RIO GRANDE DO SUL;-30,3812448;-56,3970780;148,9098;162,5730;13,66;13,58;0,08;;;
1951R;94043;SUL;RIO GRANDE DO SUL;-30,9438730;-54,1097510;312,6260;325,6740;13,05;12,87;0,18;;;
1965U;94038;SUL;RIO GRANDE DO SUL;-31,3907267;-52,6774992;418,6723;429,1870;10,51;10,39;0,12;;;
1966Z;94042;SUL;RIO GRANDE DO SUL;-31,6957181;-52,4239901;31,8193;41,2750;9,46;9,27;0,19;;;
1977L;91950;SUL;RIO GRANDE DO SUL;-32,2491160;-53,5536770;136,5277;148,4940;11,97;11,73;0,24;;;
3093H;91850;SUL;RIO GRANDE DO SUL;-30,0740420;-51,1197650;72,1478;76,7450;4,60;5,01;-0,41;;;
3093J;91899;SUL;RIO GRANDE DO SUL;-30,0731809;-51,1197747;73,5415;78,7210;5,18;5,00;0,18;;;
1401R;94030;SUL;SANTA CATARINA;-27,0604718;-49,4120238;93,3357;95,7340;2,40;2,34;0,06;;;
1433D;93978;SUL;SANTA CATARINA;-27,0723973;-52,6266937;676,5868;682,6930;6,11;5,97;0,14;;;
1710F;93981;SUL;SANTA CATARINA;-26,5000536;-53,5060341;758,6187;763,6570;5,04;4,92;0,12;;;
1750Z;93982;SUL;SANTA CATARINA;-26,7249550;-51,6322520;1252,1200;1259,7580;7,64;7,33;0,31;;;
1778L;96166;SUL;SANTA CATARINA;-28,8213621;-49,3993709;19,7737;21,2390;1,47;1,23;0,24;;;
1779B;94032;SUL;SANTA CATARINA;-29,0791983;-49,6292029;15,1580;17,0030;1,85;1,64;0,21;;;
2006J;96168;SUL;SANTA CATARINA;-27,4926420;-48,5038314;03,2540;03,7680;0,51;0,44;0,07;;;
2011U;94028;SUL;SANTA CATARINA;-26,3139990;-49,9099340;947,9771;952,0200;4,04;3,82;0,22;;;
2011X;93983;SUL;SANTA CATARINA;-26,2702300;-49,9190780;845,7919;849,8280;4,04;3,84;0,20;;;
2014D;93984;SUL;SANTA CATARINA;-26,9132990;-50,4445740;1093,8811;1099,4820;5,60;5,35;0,25;;;
2059L;94034;SUL;SANTA CATARINA;-27,9561268;-50,4844354;975,8185;982,2880;6,47;6,20;0,27;;;
2061N;94033;SUL;SANTA CATARINA;-27,8228880;-49,5700000;868,6589;873,2670;4,61;4,28;0,33;;;
2062U;94031;SUL;SANTA CATARINA;-27,6599440;-49,1256330;802,3147;805,3400;3,03;2,76;0,27;;;
2064P;94027;SUL;SANTA CATARINA;-26,1766490;-49,0076530;174,2462;176,6140;2,37;2,14;0,23;;;
3012E;96169;SUL;SANTA CATARINA;-26,7819468;-48,6685682;08,4487;08,5630;0,11;-0,08;0,19;;;
3012U;91662;SUL;SANTA CATARINA;-28,2300649;-48,6543281;06,0835;07,4020;1,32;1,25;0,07;;;
3087J;91854;SUL;SANTA CATARINA;-28,2366133;-48,6560785;10,5500;11,8500;1,30;1,25;0,05;;;
9302T;91558;SUL;SANTA CATARINA;-28,2380556;-48,6594444;11,3156;12,6390;1,32;1,25;0,07;;;
;;;;;;;;;;;;;
;;;;;;;;;;;;;
;;;;;;;;;;;;;
;;;;;;;;;;;;;
;;;;;;;;;;;;;
;;;;;;;;;;;;;
;;;;;;;;;;;;;
;;;;;;;;;;;;;
;;;;;;;;;;;;;
;;;;;;;;;;;;;
;;;;;;;;;;;;;
;;;;;;;;;;;;;
;;;;;;;;;;;;;
;;;;;;;;;;;;;
;;;;;;;;;;;;;
;;;;;;;;;;;;;
;;;;;;;;;;;;;
;;;;;;;;;;;;;
;;;;;;;;;;;;;
;;;;;;;;;;;;;
;;;;;;;;;;;;;
;;;;;;;;;;;;;
;;;;;;;;;;;;;
;;;;;;;;;;;;;
;;;;;;;;;;;;;
;;;;;;;;;;;;;
;;;;;;;;;;;;;
;;;;;;;;;;;;;
;;;;;;;;;;;;;
;;;;;;;;;;;;;
;;;;;;;;;;;;;
;;;;;;;;;;;;;
;;;;;;;;;;;;;
;;;;;;;;;;;;;
;;;;;;;;;;;;;
;;;;;;;;;;;;;
